coin,rule_id,backstop_pct,trailing_pct,min_profit,base_pct,pnl_pct,max_dd_pct,n_buys,n_sells
KRW-ADA,5,-0.100,-0.030,0.080,0.30,-5.042,-7.853,2,2
KRW-ADA,2,-0.100,-0.030,0.020,0.30,-5.042,-7.853,2,2
KRW-ADA,6,-0.100,-0.050,0.000,0.30,-5.593,-7.853,2,2
KRW-ADA,7,-0.100,-0.050,0.020,0.30,-5.593,-7.853,2,2
KRW-ADA,9,-0.100,-0.050,0.050,0.30,-5.593,-7.853,2,2
KRW-ADA,8,-0.100,-0.050,0.030,0.30,-5.593,-7.853,2,2
KRW-ADA,10,-0.100,-0.050,0.080,0.30,-5.593,-7.853,2,2
KRW-ADA,11,-0.100,-0.070,0.000,0.30,-8.417,-8.417,2,2
KRW-ADA,4,-0.100,-0.030,0.050,0.30,-5.042,-7.853,2,2
KRW-ADA,12,-0.100,-0.070,0.020,0.30,-8.417,-8.417,2,2
KRW-ADA,13,-0.100,-0.070,0.030,0.30,-8.417,-8.417,2,2
KRW-ADA,14,-0.100,-0.070,0.050,0.30,-8.417,-8.417,2,2
KRW-ADA,15,-0.100,-0.070,0.080,0.30,-8.417,-8.417,2,2
KRW-ADA,18,-0.100,-0.100,0.030,0.30,-8.417,-8.417,2,2
KRW-ADA,16,-0.100,-0.100,0.000,0.30,-8.417,-8.417,2,2
KRW-ADA,17,-0.100,-0.100,0.020,0.30,-8.417,-8.417,2,2
KRW-ADA,19,-0.100,-0.100,0.050,0.30,-8.417,-8.417,2,2
KRW-ADA,20,-0.100,-0.100,0.080,0.30,-8.417,-8.417,2,2
KRW-ADA,23,-0.150,-0.030,0.030,0.30,-5.042,-7.853,2,2
KRW-ADA,3,-0.100,-0.030,0.030,0.30,-5.042,-7.853,2,2
KRW-ADA,24,-0.150,-0.030,0.050,0.30,-5.042,-7.853,2,2
KRW-ADA,22,-0.150,-0.030,0.020,0.30,-5.042,-7.853,2,2
KRW-ADA,25,-0.150,-0.030,0.080,0.30,-5.042,-7.853,2,2
KRW-ADA,26,-0.150,-0.050,0.000,0.30,-5.593,-7.853,2,2
KRW-ADA,27,-0.150,-0.050,0.020,0.30,-5.593,-7.853,2,2
KRW-ADA,28,-0.150,-0.050,0.030,0.30,-5.593,-7.853,2,2
KRW-ADA,29,-0.150,-0.050,0.050,0.30,-5.593,-7.853,2,2
KRW-ADA,30,-0.150,-0.050,0.080,0.30,-5.593,-7.853,2,2
KRW-ADA,31,-0.150,-0.070,0.000,0.30,-7.577,-9.575,2,1
KRW-ADA,32,-0.150,-0.070,0.020,0.30,-7.577,-9.575,2,1
KRW-ADA,33,-0.150,-0.070,0.030,0.30,-7.577,-9.575,2,1
KRW-ADA,34,-0.150,-0.070,0.050,0.30,-7.577,-9.575,2,1
KRW-ADA,35,-0.150,-0.070,0.080,0.30,-7.577,-9.575,2,1
KRW-ADA,37,-0.150,-0.100,0.020,0.30,-7.577,-9.575,2,1
KRW-ADA,36,-0.150,-0.100,0.000,0.30,-7.577,-9.575,2,1
KRW-ADA,38,-0.150,-0.100,0.030,0.30,-7.577,-9.575,2,1
KRW-ADA,39,-0.150,-0.100,0.050,0.30,-7.577,-9.575,2,1
KRW-ADA,40,-0.150,-0.100,0.080,0.30,-7.577,-9.575,2,1
KRW-ADA,41,-0.200,-0.030,0.000,0.30,-5.702,-9.585,2,0
KRW-ADA,42,-0.200,-0.030,0.020,0.30,-5.702,-9.585,2,0
KRW-ADA,1,-0.100,-0.030,0.000,0.30,-5.042,-7.853,2,2
KRW-ADA,43,-0.200,-0.030,0.030,0.30,-5.702,-9.585,2,0
KRW-ADA,44,-0.200,-0.030,0.050,0.30,-5.702,-9.585,2,0
KRW-ADA,21,-0.150,-0.030,0.000,0.30,-5.042,-7.853,2,2
KRW-ADA,45,-0.200,-0.030,0.080,0.30,-5.702,-9.585,2,0
KRW-ADA,47,-0.200,-0.050,0.020,0.30,-5.702,-9.585,2,0
KRW-ADA,54,-0.200,-0.070,0.050,0.30,-5.702,-9.585,2,0
KRW-ADA,53,-0.200,-0.070,0.030,0.30,-5.702,-9.585,2,0
KRW-ADA,46,-0.200,-0.050,0.000,0.30,-5.702,-9.585,2,0
KRW-ADA,55,-0.200,-0.070,0.080,0.30,-5.702,-9.585,2,0
KRW-ADA,56,-0.200,-0.100,0.000,0.30,-5.702,-9.585,2,0
KRW-ADA,57,-0.200,-0.100,0.020,0.30,-5.702,-9.585,2,0
KRW-ADA,58,-0.200,-0.100,0.030,0.30,-5.702,-9.585,2,0
KRW-ADA,59,-0.200,-0.100,0.050,0.30,-5.702,-9.585,2,0
KRW-ADA,60,-0.200,-0.100,0.080,0.30,-5.702,-9.585,2,0
KRW-ADA,61,-0.250,-0.030,0.000,0.30,-5.702,-9.585,2,0
KRW-ADA,62,-0.250,-0.030,0.020,0.30,-5.702,-9.585,2,0
KRW-ADA,63,-0.250,-0.030,0.030,0.30,-5.702,-9.585,2,0
KRW-ADA,64,-0.250,-0.030,0.050,0.30,-5.702,-9.585,2,0
KRW-ADA,50,-0.200,-0.050,0.080,0.30,-5.702,-9.585,2,0
KRW-ADA,65,-0.250,-0.030,0.080,0.30,-5.702,-9.585,2,0
KRW-ADA,66,-0.250,-0.050,0.000,0.30,-5.702,-9.585,2,0
KRW-ADA,67,-0.250,-0.050,0.020,0.30,-5.702,-9.585,2,0
KRW-ADA,68,-0.250,-0.050,0.030,0.30,-5.702,-9.585,2,0
KRW-ADA,69,-0.250,-0.050,0.050,0.30,-5.702,-9.585,2,0
KRW-ADA,70,-0.250,-0.050,0.080,0.30,-5.702,-9.585,2,0
KRW-ADA,48,-0.200,-0.050,0.030,0.30,-5.702,-9.585,2,0
KRW-ADA,51,-0.200,-0.070,0.000,0.30,-5.702,-9.585,2,0
KRW-ADA,71,-0.250,-0.070,0.000,0.30,-5.702,-9.585,2,0
KRW-ADA,72,-0.250,-0.070,0.020,0.30,-5.702,-9.585,2,0
KRW-ADA,73,-0.250,-0.070,0.030,0.30,-5.702,-9.585,2,0
KRW-ADA,74,-0.250,-0.070,0.050,0.30,-5.702,-9.585,2,0
KRW-ADA,75,-0.250,-0.070,0.080,0.30,-5.702,-9.585,2,0
KRW-ADA,76,-0.250,-0.100,0.000,0.30,-5.702,-9.585,2,0
KRW-ADA,77,-0.250,-0.100,0.020,0.30,-5.702,-9.585,2,0
KRW-ADA,78,-0.250,-0.100,0.030,0.30,-5.702,-9.585,2,0
KRW-ADA,80,-0.250,-0.100,0.080,0.30,-5.702,-9.585,2,0
KRW-ADA,79,-0.250,-0.100,0.050,0.30,-5.702,-9.585,2,0
KRW-ADA,81,-0.300,-0.030,0.000,0.30,-5.702,-9.585,2,0
KRW-ADA,82,-0.300,-0.030,0.020,0.30,-5.702,-9.585,2,0
KRW-ADA,83,-0.300,-0.030,0.030,0.30,-5.702,-9.585,2,0
KRW-ADA,84,-0.300,-0.030,0.050,0.30,-5.702,-9.585,2,0
KRW-ADA,85,-0.300,-0.030,0.080,0.30,-5.702,-9.585,2,0
KRW-ADA,86,-0.300,-0.050,0.000,0.30,-5.702,-9.585,2,0
KRW-ADA,87,-0.300,-0.050,0.020,0.30,-5.702,-9.585,2,0
KRW-ADA,49,-0.200,-0.050,0.050,0.30,-5.702,-9.585,2,0
KRW-ADA,90,-0.300,-0.050,0.080,0.30,-5.702,-9.585,2,0
KRW-ADA,91,-0.300,-0.070,0.000,0.30,-5.702,-9.585,2,0
KRW-ADA,92,-0.300,-0.070,0.020,0.30,-5.702,-9.585,2,0
KRW-ADA,93,-0.300,-0.070,0.030,0.30,-5.702,-9.585,2,0
KRW-ADA,94,-0.300,-0.070,0.050,0.30,-5.702,-9.585,2,0
KRW-ADA,95,-0.300,-0.070,0.080,0.30,-5.702,-9.585,2,0
KRW-ADA,96,-0.300,-0.100,0.000,0.30,-5.702,-9.585,2,0
KRW-ADA,98,-0.300,-0.100,0.030,0.30,-5.702,-9.585,2,0
KRW-ADA,99,-0.300,-0.100,0.050,0.30,-5.702,-9.585,2,0
KRW-ADA,100,-0.300,-0.100,0.080,0.30,-5.702,-9.585,2,0
KRW-ADA,97,-0.300,-0.100,0.020,0.30,-5.702,-9.585,2,0
KRW-ADA,52,-0.200,-0.070,0.020,0.30,-5.702,-9.585,2,0
KRW-ADA,88,-0.300,-0.050,0.030,0.30,-5.702,-9.585,2,0
KRW-AVAX,7,-0.100,-0.050,0.020,0.30,-8.606,-8.606,2,2
KRW-AVAX,3,-0.100,-0.030,0.030,0.30,-8.606,-8.606,2,2
KRW-AVAX,8,-0.100,-0.050,0.030,0.30,-8.606,-8.606,2,2
KRW-AVAX,5,-0.100,-0.030,0.080,0.30,-8.606,-8.606,2,2
KRW-AVAX,9,-0.100,-0.050,0.050,0.30,-8.606,-8.606,2,2
KRW-AVAX,10,-0.100,-0.050,0.080,0.30,-8.606,-8.606,2,2
KRW-AVAX,12,-0.100,-0.070,0.020,0.30,-8.606,-8.606,2,2
KRW-AVAX,6,-0.100,-0.050,0.000,0.30,-8.606,-8.606,2,2
KRW-AVAX,11,-0.100,-0.070,0.000,0.30,-8.606,-8.606,2,2
KRW-AVAX,13,-0.100,-0.070,0.030,0.30,-8.606,-8.606,2,2
KRW-AVAX,14,-0.100,-0.070,0.050,0.30,-8.606,-8.606,2,2
KRW-AVAX,15,-0.100,-0.070,0.080,0.30,-8.606,-8.606,2,2
KRW-AVAX,16,-0.100,-0.100,0.000,0.30,-8.606,-8.606,2,2
KRW-AVAX,17,-0.100,-0.100,0.020,0.30,-8.606,-8.606,2,2
KRW-AVAX,18,-0.100,-0.100,0.030,0.30,-8.606,-8.606,2,2
KRW-AVAX,19,-0.100,-0.100,0.050,0.30,-8.606,-8.606,2,2
KRW-AVAX,20,-0.100,-0.100,0.080,0.30,-8.606,-8.606,2,2
KRW-AVAX,21,-0.150,-0.030,0.000,0.30,-5.816,-8.983,2,2
KRW-AVAX,22,-0.150,-0.030,0.020,0.30,-5.816,-8.983,2,2
KRW-AVAX,24,-0.150,-0.030,0.050,0.30,-5.816,-8.983,2,2
KRW-ADA,89,-0.300,-0.050,0.050,0.30,-5.702,-9.585,2,0
KRW-AVAX,25,-0.150,-0.030,0.080,0.30,-5.816,-8.983,2,2
KRW-AVAX,26,-0.150,-0.050,0.000,0.30,-4.340,-8.983,2,2
KRW-AVAX,27,-0.150,-0.050,0.020,0.30,-4.340,-8.983,2,2
KRW-AVAX,28,-0.150,-0.050,0.030,0.30,-4.340,-8.983,2,2
KRW-AVAX,29,-0.150,-0.050,0.050,0.30,-4.340,-8.983,2,2
KRW-AVAX,30,-0.150,-0.050,0.080,0.30,-4.340,-8.983,2,2
KRW-AVAX,31,-0.150,-0.070,0.000,0.30,-5.016,-8.983,2,2
KRW-AVAX,32,-0.150,-0.070,0.020,0.30,-5.016,-8.983,2,2
KRW-AVAX,34,-0.150,-0.070,0.050,0.30,-5.016,-8.983,2,2
KRW-AVAX,33,-0.150,-0.070,0.030,0.30,-5.016,-8.983,2,2
KRW-AVAX,35,-0.150,-0.070,0.080,0.30,-5.016,-8.983,2,2
KRW-AVAX,36,-0.150,-0.100,0.000,0.30,-5.427,-8.983,2,2
KRW-AVAX,37,-0.150,-0.100,0.020,0.30,-5.427,-8.983,2,2
KRW-AVAX,38,-0.150,-0.100,0.030,0.30,-5.427,-8.983,2,2
KRW-AVAX,39,-0.150,-0.100,0.050,0.30,-5.427,-8.983,2,2
KRW-AVAX,40,-0.150,-0.100,0.080,0.30,-5.427,-8.983,2,2
KRW-AVAX,41,-0.200,-0.030,0.000,0.30,-0.406,-8.396,2,1
KRW-AVAX,1,-0.100,-0.030,0.000,0.30,-8.606,-8.606,2,2
KRW-AVAX,2,-0.100,-0.030,0.020,0.30,-8.606,-8.606,2,2
KRW-AVAX,47,-0.200,-0.050,0.020,0.30,-0.406,-8.396,2,1
KRW-AVAX,43,-0.200,-0.030,0.030,0.30,-0.406,-8.396,2,1
KRW-AVAX,46,-0.200,-0.050,0.000,0.30,-0.406,-8.396,2,1
KRW-AVAX,48,-0.200,-0.050,0.030,0.30,-0.406,-8.396,2,1
KRW-AVAX,49,-0.200,-0.050,0.050,0.30,-0.406,-8.396,2,1
KRW-AVAX,50,-0.200,-0.050,0.080,0.30,-0.406,-8.396,2,1
KRW-AVAX,51,-0.200,-0.070,0.000,0.30,-0.663,-8.396,2,0
KRW-AVAX,53,-0.200,-0.070,0.030,0.30,-0.663,-8.396,2,0
KRW-AVAX,52,-0.200,-0.070,0.020,0.30,-0.663,-8.396,2,0
KRW-AVAX,4,-0.100,-0.030,0.050,0.30,-8.606,-8.606,2,2
KRW-AVAX,54,-0.200,-0.070,0.050,0.30,-0.663,-8.396,2,0
KRW-AVAX,55,-0.200,-0.070,0.080,0.30,-0.663,-8.396,2,0
KRW-AVAX,56,-0.200,-0.100,0.000,0.30,-0.663,-8.396,2,0
KRW-AVAX,57,-0.200,-0.100,0.020,0.30,-0.663,-8.396,2,0
KRW-AVAX,58,-0.200,-0.100,0.030,0.30,-0.663,-8.396,2,0
KRW-AVAX,60,-0.200,-0.100,0.080,0.30,-0.663,-8.396,2,0
KRW-AVAX,61,-0.250,-0.030,0.000,0.30,-0.406,-8.396,2,1
KRW-AVAX,62,-0.250,-0.030,0.020,0.30,-0.406,-8.396,2,1
KRW-AVAX,63,-0.250,-0.030,0.030,0.30,-0.406,-8.396,2,1
KRW-AVAX,44,-0.200,-0.030,0.050,0.30,-0.406,-8.396,2,1
KRW-AVAX,65,-0.250,-0.030,0.080,0.30,-0.406,-8.396,2,1
KRW-AVAX,23,-0.150,-0.030,0.030,0.30,-5.816,-8.983,2,2
KRW-AVAX,64,-0.250,-0.030,0.050,0.30,-0.406,-8.396,2,1
KRW-AVAX,59,-0.200,-0.100,0.050,0.30,-0.663,-8.396,2,0
KRW-AVAX,42,-0.200,-0.030,0.020,0.30,-0.406,-8.396,2,1
KRW-AVAX,66,-0.250,-0.050,0.000,0.30,-0.406,-8.396,2,1
KRW-AVAX,67,-0.250,-0.050,0.020,0.30,-0.406,-8.396,2,1
KRW-AVAX,68,-0.250,-0.050,0.030,0.30,-0.406,-8.396,2,1
KRW-AVAX,45,-0.200,-0.030,0.080,0.30,-0.406,-8.396,2,1
KRW-AVAX,69,-0.250,-0.050,0.050,0.30,-0.406,-8.396,2,1
KRW-AVAX,70,-0.250,-0.050,0.080,0.30,-0.406,-8.396,2,1
KRW-AVAX,72,-0.250,-0.070,0.020,0.30,-0.663,-8.396,2,0
KRW-AVAX,73,-0.250,-0.070,0.030,0.30,-0.663,-8.396,2,0
KRW-AVAX,74,-0.250,-0.070,0.050,0.30,-0.663,-8.396,2,0
KRW-AVAX,75,-0.250,-0.070,0.080,0.30,-0.663,-8.396,2,0
KRW-AVAX,76,-0.250,-0.100,0.000,0.30,-0.663,-8.396,2,0
KRW-AVAX,77,-0.250,-0.100,0.020,0.30,-0.663,-8.396,2,0
KRW-AVAX,79,-0.250,-0.100,0.050,0.30,-0.663,-8.396,2,0
KRW-AVAX,80,-0.250,-0.100,0.080,0.30,-0.663,-8.396,2,0
KRW-AVAX,78,-0.250,-0.100,0.030,0.30,-0.663,-8.396,2,0
KRW-AVAX,81,-0.300,-0.030,0.000,0.30,-0.406,-8.396,2,1
KRW-AVAX,82,-0.300,-0.030,0.020,0.30,-0.406,-8.396,2,1
KRW-AVAX,83,-0.300,-0.030,0.030,0.30,-0.406,-8.396,2,1
KRW-AVAX,84,-0.300,-0.030,0.050,0.30,-0.406,-8.396,2,1
KRW-AVAX,85,-0.300,-0.030,0.080,0.30,-0.406,-8.396,2,1
KRW-AVAX,86,-0.300,-0.050,0.000,0.30,-0.406,-8.396,2,1
KRW-AVAX,87,-0.300,-0.050,0.020,0.30,-0.406,-8.396,2,1
KRW-AVAX,71,-0.250,-0.070,0.000,0.30,-0.663,-8.396,2,0
KRW-AVAX,89,-0.300,-0.050,0.050,0.30,-0.406,-8.396,2,1
KRW-AVAX,92,-0.300,-0.070,0.020,0.30,-0.663,-8.396,2,0
KRW-AVAX,95,-0.300,-0.070,0.080,0.30,-0.663,-8.396,2,0
KRW-AVAX,90,-0.300,-0.050,0.080,0.30,-0.406,-8.396,2,1
KRW-AVAX,96,-0.300,-0.100,0.000,0.30,-0.663,-8.396,2,0
KRW-AVAX,97,-0.300,-0.100,0.020,0.30,-0.663,-8.396,2,0
KRW-AVAX,98,-0.300,-0.100,0.030,0.30,-0.663,-8.396,2,0
KRW-AVAX,99,-0.300,-0.100,0.050,0.30,-0.663,-8.396,2,0
KRW-AVAX,100,-0.300,-0.100,0.080,0.30,-0.663,-8.396,2,0
KRW-BTC,1,-0.100,-0.030,0.000,0.30,-5.346,-10.855,3,2
KRW-BTC,3,-0.100,-0.030,0.030,0.30,-5.346,-10.855,3,2
KRW-BTC,2,-0.100,-0.030,0.020,0.30,-5.346,-10.855,3,2
KRW-BTC,4,-0.100,-0.030,0.050,0.30,-5.346,-10.855,3,2
KRW-BTC,5,-0.100,-0.030,0.080,0.30,-5.346,-10.855,3,2
KRW-BTC,6,-0.100,-0.050,0.000,0.30,-6.218,-10.855,3,2
KRW-BTC,7,-0.100,-0.050,0.020,0.30,-6.218,-10.855,3,2
KRW-BTC,8,-0.100,-0.050,0.030,0.30,-6.218,-10.855,3,2
KRW-BTC,9,-0.100,-0.050,0.050,0.30,-6.218,-10.855,3,2
KRW-BTC,10,-0.100,-0.050,0.080,0.30,-6.218,-10.855,3,2
KRW-BTC,11,-0.100,-0.070,0.000,0.30,-1.705,-10.855,3,1
KRW-BTC,12,-0.100,-0.070,0.020,0.30,-1.705,-10.855,3,1
KRW-AVAX,91,-0.300,-0.070,0.000,0.30,-0.663,-8.396,2,0
KRW-AVAX,88,-0.300,-0.050,0.030,0.30,-0.406,-8.396,2,1
KRW-AVAX,93,-0.300,-0.070,0.030,0.30,-0.663,-8.396,2,0
KRW-BTC,13,-0.100,-0.070,0.030,0.30,-1.705,-10.855,3,1
KRW-BTC,14,-0.100,-0.070,0.050,0.30,-1.705,-10.855,3,1
KRW-BTC,15,-0.100,-0.070,0.080,0.30,-1.705,-10.855,3,1
KRW-BTC,16,-0.100,-0.100,0.000,0.30,-1.705,-10.855,3,1
KRW-BTC,17,-0.100,-0.100,0.020,0.30,-1.705,-10.855,3,1
KRW-BTC,18,-0.100,-0.100,0.030,0.30,-1.705,-10.855,3,1
KRW-BTC,19,-0.100,-0.100,0.050,0.30,-1.705,-10.855,3,1
KRW-BTC,20,-0.100,-0.100,0.080,0.30,-1.705,-10.855,3,1
KRW-BTC,21,-0.150,-0.030,0.000,0.30,-5.346,-10.855,3,2
KRW-BTC,22,-0.150,-0.030,0.020,0.30,-5.346,-10.855,3,2
KRW-BTC,23,-0.150,-0.030,0.030,0.30,-5.346,-10.855,3,2
KRW-BTC,24,-0.150,-0.030,0.050,0.30,-5.346,-10.855,3,2
KRW-BTC,25,-0.150,-0.030,0.080,0.30,-5.346,-10.855,3,2
KRW-BTC,26,-0.150,-0.050,0.000,0.30,-6.218,-10.855,3,2
KRW-BTC,27,-0.150,-0.050,0.020,0.30,-6.218,-10.855,3,2
KRW-BTC,28,-0.150,-0.050,0.030,0.30,-6.218,-10.855,3,2
KRW-BTC,29,-0.150,-0.050,0.050,0.30,-6.218,-10.855,3,2
KRW-AVAX,94,-0.300,-0.070,0.050,0.30,-0.663,-8.396,2,0
KRW-BTC,35,-0.150,-0.070,0.080,0.30,-1.705,-10.855,3,1
KRW-BTC,32,-0.150,-0.070,0.020,0.30,-1.705,-10.855,3,1
KRW-BTC,33,-0.150,-0.070,0.030,0.30,-1.705,-10.855,3,1
KRW-BTC,34,-0.150,-0.070,0.050,0.30,-1.705,-10.855,3,1
KRW-BTC,36,-0.150,-0.100,0.000,0.30,-1.705,-10.855,3,1
KRW-BTC,37,-0.150,-0.100,0.020,0.30,-1.705,-10.855,3,1
KRW-BTC,38,-0.150,-0.100,0.030,0.30,-1.705,-10.855,3,1
KRW-BTC,39,-0.150,-0.100,0.050,0.30,-1.705,-10.855,3,1
KRW-BTC,40,-0.150,-0.100,0.080,0.30,-1.705,-10.855,3,1
KRW-BTC,41,-0.200,-0.030,0.000,0.30,-5.346,-10.855,3,2
KRW-BTC,42,-0.200,-0.030,0.020,0.30,-5.346,-10.855,3,2
KRW-BTC,43,-0.200,-0.030,0.030,0.30,-5.346,-10.855,3,2
KRW-BTC,44,-0.200,-0.030,0.050,0.30,-5.346,-10.855,3,2
KRW-BTC,45,-0.200,-0.030,0.080,0.30,-5.346,-10.855,3,2
KRW-BTC,46,-0.200,-0.050,0.000,0.30,-6.218,-10.855,3,2
KRW-BTC,47,-0.200,-0.050,0.020,0.30,-6.218,-10.855,3,2
KRW-BTC,48,-0.200,-0.050,0.030,0.30,-6.218,-10.855,3,2
KRW-BTC,49,-0.200,-0.050,0.050,0.30,-6.218,-10.855,3,2
KRW-BTC,50,-0.200,-0.050,0.080,0.30,-6.218,-10.855,3,2
KRW-BTC,51,-0.200,-0.070,0.000,0.30,-1.705,-10.855,3,1
KRW-BTC,52,-0.200,-0.070,0.020,0.30,-1.705,-10.855,3,1
KRW-BTC,31,-0.150,-0.070,0.000,0.30,-1.705,-10.855,3,1
KRW-BTC,53,-0.200,-0.070,0.030,0.30,-1.705,-10.855,3,1
KRW-BTC,54,-0.200,-0.070,0.050,0.30,-1.705,-10.855,3,1
KRW-BTC,55,-0.200,-0.070,0.080,0.30,-1.705,-10.855,3,1
KRW-BTC,30,-0.150,-0.050,0.080,0.30,-6.218,-10.855,3,2
KRW-BTC,57,-0.200,-0.100,0.020,0.30,-1.705,-10.855,3,1
KRW-BTC,56,-0.200,-0.100,0.000,0.30,-1.705,-10.855,3,1
KRW-BTC,58,-0.200,-0.100,0.030,0.30,-1.705,-10.855,3,1
KRW-BTC,59,-0.200,-0.100,0.050,0.30,-1.705,-10.855,3,1
KRW-BTC,60,-0.200,-0.100,0.080,0.30,-1.705,-10.855,3,1
KRW-BTC,62,-0.250,-0.030,0.020,0.30,1.102,-8.311,3,0
KRW-BTC,63,-0.250,-0.030,0.030,0.30,1.102,-8.311,3,0
KRW-BTC,64,-0.250,-0.030,0.050,0.30,1.102,-8.311,3,0
KRW-BTC,65,-0.250,-0.030,0.080,0.30,1.102,-8.311,3,0
KRW-BTC,66,-0.250,-0.050,0.000,0.30,1.102,-8.311,3,0
KRW-BTC,67,-0.250,-0.050,0.020,0.30,1.102,-8.311,3,0
KRW-BTC,68,-0.250,-0.050,0.030,0.30,1.102,-8.311,3,0
KRW-BTC,69,-0.250,-0.050,0.050,0.30,1.102,-8.311,3,0
KRW-BTC,70,-0.250,-0.050,0.080,0.30,1.102,-8.311,3,0
KRW-BTC,71,-0.250,-0.070,0.000,0.30,1.102,-8.311,3,0
KRW-BTC,61,-0.250,-0.030,0.000,0.30,1.102,-8.311,3,0
KRW-BTC,72,-0.250,-0.070,0.020,0.30,1.102,-8.311,3,0
KRW-BTC,73,-0.250,-0.070,0.030,0.30,1.102,-8.311,3,0
KRW-BTC,81,-0.300,-0.030,0.000,0.30,1.102,-8.311,3,0
KRW-BTC,82,-0.300,-0.030,0.020,0.30,1.102,-8.311,3,0
KRW-BTC,83,-0.300,-0.030,0.030,0.30,1.102,-8.311,3,0
KRW-BTC,77,-0.250,-0.100,0.020,0.30,1.102,-8.311,3,0
KRW-BTC,84,-0.300,-0.030,0.050,0.30,1.102,-8.311,3,0
KRW-BTC,85,-0.300,-0.030,0.080,0.30,1.102,-8.311,3,0
KRW-BTC,86,-0.300,-0.050,0.000,0.30,1.102,-8.311,3,0
KRW-BTC,87,-0.300,-0.050,0.020,0.30,1.102,-8.311,3,0
KRW-BTC,88,-0.300,-0.050,0.030,0.30,1.102,-8.311,3,0
KRW-BTC,75,-0.250,-0.070,0.080,0.30,1.102,-8.311,3,0
KRW-BTC,89,-0.300,-0.050,0.050,0.30,1.102,-8.311,3,0
KRW-BTC,90,-0.300,-0.050,0.080,0.30,1.102,-8.311,3,0
KRW-BTC,92,-0.300,-0.070,0.020,0.30,1.102,-8.311,3,0
KRW-BTC,91,-0.300,-0.070,0.000,0.30,1.102,-8.311,3,0
KRW-BTC,79,-0.250,-0.100,0.050,0.30,1.102,-8.311,3,0
KRW-BTC,93,-0.300,-0.070,0.030,0.30,1.102,-8.311,3,0
KRW-BTC,94,-0.300,-0.070,0.050,0.30,1.102,-8.311,3,0
KRW-BTC,95,-0.300,-0.070,0.080,0.30,1.102,-8.311,3,0
KRW-BTC,96,-0.300,-0.100,0.000,0.30,1.102,-8.311,3,0
KRW-BTC,97,-0.300,-0.100,0.020,0.30,1.102,-8.311,3,0
KRW-BTC,98,-0.300,-0.100,0.030,0.30,1.102,-8.311,3,0
KRW-BTC,74,-0.250,-0.070,0.050,0.30,1.102,-8.311,3,0
KRW-BTC,78,-0.250,-0.100,0.030,0.30,1.102,-8.311,3,0
KRW-BTC,76,-0.250,-0.100,0.000,0.30,1.102,-8.311,3,0
KRW-BTC,80,-0.250,-0.100,0.080,0.30,1.102,-8.311,3,0
KRW-BTC,99,-0.300,-0.100,0.050,0.30,1.102,-8.311,3,0
KRW-BTC,100,-0.300,-0.100,0.080,0.30,1.102,-8.311,3,0
KRW-DOGE,1,-0.100,-0.030,0.000,0.30,-7.334,-10.698,3,3
KRW-DOGE,2,-0.100,-0.030,0.020,0.30,-7.334,-10.698,3,3
KRW-DOGE,3,-0.100,-0.030,0.030,0.30,-7.334,-10.698,3,3
KRW-DOGE,4,-0.100,-0.030,0.050,0.30,-7.334,-10.698,3,3
KRW-DOGE,5,-0.100,-0.030,0.080,0.30,-7.334,-10.698,3,3
KRW-DOGE,6,-0.100,-0.050,0.000,0.30,-7.334,-10.698,3,3
KRW-DOGE,7,-0.100,-0.050,0.020,0.30,-7.334,-10.698,3,3
KRW-DOGE,8,-0.100,-0.050,0.030,0.30,-7.334,-10.698,3,3
KRW-DOGE,10,-0.100,-0.050,0.080,0.30,-7.334,-10.698,3,3
KRW-DOGE,9,-0.100,-0.050,0.050,0.30,-7.334,-10.698,3,3
KRW-DOGE,11,-0.100,-0.070,0.000,0.30,-8.084,-10.698,3,3
KRW-DOGE,12,-0.100,-0.070,0.020,0.30,-8.084,-10.698,3,3
KRW-DOGE,13,-0.100,-0.070,0.030,0.30,-8.084,-10.698,3,3
KRW-DOGE,14,-0.100,-0.070,0.050,0.30,-8.084,-10.698,3,3
KRW-DOGE,15,-0.100,-0.070,0.080,0.30,-8.084,-10.698,3,3
KRW-DOGE,22,-0.150,-0.030,0.020,0.30,-10.213,-13.473,3,2
KRW-DOGE,23,-0.150,-0.030,0.030,0.30,-10.213,-13.473,3,2
KRW-DOGE,24,-0.150,-0.030,0.050,0.30,-10.213,-13.473,3,2
KRW-DOGE,25,-0.150,-0.030,0.080,0.30,-10.213,-13.473,3,2
KRW-DOGE,26,-0.150,-0.050,0.000,0.30,-10.213,-13.473,3,2
KRW-DOGE,18,-0.100,-0.100,0.030,0.30,-8.647,-10.698,3,3
KRW-DOGE,27,-0.150,-0.050,0.020,0.30,-10.213,-13.473,3,2
KRW-DOGE,28,-0.150,-0.050,0.030,0.30,-10.213,-13.473,3,2
KRW-DOGE,29,-0.150,-0.050,0.050,0.30,-10.213,-13.473,3,2
KRW-DOGE,30,-0.150,-0.050,0.080,0.30,-10.213,-13.473,3,2
KRW-DOGE,31,-0.150,-0.070,0.000,0.30,-10.940,-13.473,3,2
KRW-DOGE,32,-0.150,-0.070,0.020,0.30,-10.940,-13.473,3,2
KRW-DOGE,33,-0.150,-0.070,0.030,0.30,-10.940,-13.473,3,2
KRW-DOGE,34,-0.150,-0.070,0.050,0.30,-10.940,-13.473,3,2
KRW-DOGE,16,-0.100,-0.100,0.000,0.30,-8.647,-10.698,3,3
KRW-DOGE,35,-0.150,-0.070,0.080,0.30,-10.940,-13.473,3,2
KRW-DOGE,36,-0.150,-0.100,0.000,0.30,-11.486,-13.473,3,2
KRW-DOGE,37,-0.150,-0.100,0.020,0.30,-11.486,-13.473,3,2
KRW-DOGE,38,-0.150,-0.100,0.030,0.30,-11.486,-13.473,3,2
KRW-DOGE,39,-0.150,-0.100,0.050,0.30,-11.486,-13.473,3,2
KRW-DOGE,40,-0.150,-0.100,0.080,0.30,-11.486,-13.473,3,2
KRW-DOGE,41,-0.200,-0.030,0.000,0.30,-10.213,-13.473,3,2
KRW-DOGE,42,-0.200,-0.030,0.020,0.30,-10.213,-13.473,3,2
KRW-DOGE,43,-0.200,-0.030,0.030,0.30,-10.213,-13.473,3,2
KRW-DOGE,44,-0.200,-0.030,0.050,0.30,-10.213,-13.473,3,2
KRW-DOGE,45,-0.200,-0.030,0.080,0.30,-10.213,-13.473,3,2
KRW-DOGE,46,-0.200,-0.050,0.000,0.30,-10.213,-13.473,3,2
KRW-DOGE,47,-0.200,-0.050,0.020,0.30,-10.213,-13.473,3,2
KRW-DOGE,48,-0.200,-0.050,0.030,0.30,-10.213,-13.473,3,2
KRW-DOGE,49,-0.200,-0.050,0.050,0.30,-10.213,-13.473,3,2
KRW-DOGE,50,-0.200,-0.050,0.080,0.30,-10.213,-13.473,3,2
KRW-DOGE,51,-0.200,-0.070,0.000,0.30,-10.940,-13.473,3,2
KRW-DOGE,20,-0.100,-0.100,0.080,0.30,-8.647,-10.698,3,3
KRW-DOGE,21,-0.150,-0.030,0.000,0.30,-10.213,-13.473,3,2
KRW-DOGE,19,-0.100,-0.100,0.050,0.30,-8.647,-10.698,3,3
KRW-DOGE,57,-0.200,-0.100,0.020,0.30,-11.486,-13.473,3,2
KRW-DOGE,56,-0.200,-0.100,0.000,0.30,-11.486,-13.473,3,2
KRW-DOGE,58,-0.200,-0.100,0.030,0.30,-11.486,-13.473,3,2
KRW-DOGE,59,-0.200,-0.100,0.050,0.30,-11.486,-13.473,3,2
KRW-DOGE,60,-0.200,-0.100,0.080,0.30,-11.486,-13.473,3,2
KRW-DOGE,61,-0.250,-0.030,0.000,0.30,-6.555,-11.439,3,0
KRW-DOGE,62,-0.250,-0.030,0.020,0.30,-6.555,-11.439,3,0
KRW-DOGE,63,-0.250,-0.030,0.030,0.30,-6.555,-11.439,3,0
KRW-DOGE,53,-0.200,-0.070,0.030,0.30,-10.940,-13.473,3,2
KRW-DOGE,64,-0.250,-0.030,0.050,0.30,-6.555,-11.439,3,0
KRW-DOGE,65,-0.250,-0.030,0.080,0.30,-6.555,-11.439,3,0
KRW-DOGE,66,-0.250,-0.050,0.000,0.30,-6.555,-11.439,3,0
KRW-DOGE,67,-0.250,-0.050,0.020,0.30,-6.555,-11.439,3,0
KRW-DOGE,68,-0.250,-0.050,0.030,0.30,-6.555,-11.439,3,0
KRW-DOGE,69,-0.250,-0.050,0.050,0.30,-6.555,-11.439,3,0
KRW-DOGE,70,-0.250,-0.050,0.080,0.30,-6.555,-11.439,3,0
KRW-DOGE,72,-0.250,-0.070,0.020,0.30,-6.555,-11.439,3,0
KRW-DOGE,71,-0.250,-0.070,0.000,0.30,-6.555,-11.439,3,0
KRW-DOGE,73,-0.250,-0.070,0.030,0.30,-6.555,-11.439,3,0
KRW-DOGE,74,-0.250,-0.070,0.050,0.30,-6.555,-11.439,3,0
KRW-DOGE,17,-0.100,-0.100,0.020,0.30,-8.647,-10.698,3,3
KRW-DOGE,76,-0.250,-0.100,0.000,0.30,-6.555,-11.439,3,0
KRW-DOGE,77,-0.250,-0.100,0.020,0.30,-6.555,-11.439,3,0
KRW-DOGE,75,-0.250,-0.070,0.080,0.30,-6.555,-11.439,3,0
KRW-DOGE,79,-0.250,-0.100,0.050,0.30,-6.555,-11.439,3,0
KRW-DOGE,78,-0.250,-0.100,0.030,0.30,-6.555,-11.439,3,0
KRW-DOGE,80,-0.250,-0.100,0.080,0.30,-6.555,-11.439,3,0
KRW-DOGE,81,-0.300,-0.030,0.000,0.30,-6.555,-11.439,3,0
KRW-DOGE,82,-0.300,-0.030,0.020,0.30,-6.555,-11.439,3,0
KRW-DOGE,83,-0.300,-0.030,0.030,0.30,-6.555,-11.439,3,0
KRW-DOGE,84,-0.300,-0.030,0.050,0.30,-6.555,-11.439,3,0
KRW-DOGE,85,-0.300,-0.030,0.080,0.30,-6.555,-11.439,3,0
KRW-DOGE,86,-0.300,-0.050,0.000,0.30,-6.555,-11.439,3,0
KRW-DOGE,87,-0.300,-0.050,0.020,0.30,-6.555,-11.439,3,0
KRW-DOGE,88,-0.300,-0.050,0.030,0.30,-6.555,-11.439,3,0
KRW-DOGE,54,-0.200,-0.070,0.050,0.30,-10.940,-13.473,3,2
KRW-DOGE,89,-0.300,-0.050,0.050,0.30,-6.555,-11.439,3,0
KRW-DOGE,90,-0.300,-0.050,0.080,0.30,-6.555,-11.439,3,0
KRW-DOGE,91,-0.300,-0.070,0.000,0.30,-6.555,-11.439,3,0
KRW-DOGE,52,-0.200,-0.070,0.020,0.30,-10.940,-13.473,3,2
KRW-DOGE,93,-0.300,-0.070,0.030,0.30,-6.555,-11.439,3,0
KRW-DOGE,94,-0.300,-0.070,0.050,0.30,-6.555,-11.439,3,0
KRW-DOGE,95,-0.300,-0.070,0.080,0.30,-6.555,-11.439,3,0
KRW-DOGE,96,-0.300,-0.100,0.000,0.30,-6.555,-11.439,3,0
KRW-DOGE,98,-0.300,-0.100,0.030,0.30,-6.555,-11.439,3,0
KRW-DOGE,55,-0.200,-0.070,0.080,0.30,-10.940,-13.473,3,2
KRW-DOGE,99,-0.300,-0.100,0.050,0.30,-6.555,-11.439,3,0
KRW-DOGE,100,-0.300,-0.100,0.080,0.30,-6.555,-11.439,3,0
KRW-DOT,1,-0.100,-0.030,0.000,0.30,-6.776,-7.566,2,2
KRW-DOT,2,-0.100,-0.030,0.020,0.30,-6.776,-7.566,2,2
KRW-DOGE,97,-0.300,-0.100,0.020,0.30,-6.555,-11.439,3,0
KRW-DOT,3,-0.100,-0.030,0.030,0.30,-6.776,-7.566,2,2
KRW-DOT,4,-0.100,-0.030,0.050,0.30,-6.776,-7.566,2,2
KRW-DOT,5,-0.100,-0.030,0.080,0.30,-6.776,-7.566,2,2
KRW-DOT,7,-0.100,-0.050,0.020,0.30,-6.776,-7.566,2,2
KRW-DOT,6,-0.100,-0.050,0.000,0.30,-6.776,-7.566,2,2
KRW-DOT,8,-0.100,-0.050,0.030,0.30,-6.776,-7.566,2,2
KRW-DOT,9,-0.100,-0.050,0.050,0.30,-6.776,-7.566,2,2
KRW-DOT,13,-0.100,-0.070,0.030,0.30,-6.776,-7.566,2,2
KRW-DOT,14,-0.100,-0.070,0.050,0.30,-6.776,-7.566,2,2
KRW-DOT,12,-0.100,-0.070,0.020,0.30,-6.776,-7.566,2,2
KRW-DOT,15,-0.100,-0.070,0.080,0.30,-6.776,-7.566,2,2
KRW-DOT,17,-0.100,-0.100,0.020,0.30,-6.776,-7.566,2,2
KRW-DOT,16,-0.100,-0.100,0.000,0.30,-6.776,-7.566,2,2
KRW-DOT,18,-0.100,-0.100,0.030,0.30,-6.776,-7.566,2,2
KRW-DOT,19,-0.100,-0.100,0.050,0.30,-6.776,-7.566,2,2
KRW-DOT,20,-0.100,-0.100,0.080,0.30,-6.776,-7.566,2,2
KRW-DOT,22,-0.150,-0.030,0.020,0.30,4.454,-4.598,2,1
KRW-DOT,21,-0.150,-0.030,0.000,0.30,4.454,-4.598,2,1
KRW-DOT,23,-0.150,-0.030,0.030,0.30,4.454,-4.598,2,1
KRW-DOGE,92,-0.300,-0.070,0.020,0.30,-6.555,-11.439,3,0
KRW-DOT,24,-0.150,-0.030,0.050,0.30,4.454,-4.598,2,1
KRW-DOT,25,-0.150,-0.030,0.080,0.30,4.454,-4.598,2,1
KRW-DOT,26,-0.150,-0.050,0.000,0.30,3.228,-6.125,2,1
KRW-DOT,27,-0.150,-0.050,0.020,0.30,3.228,-6.125,2,1
KRW-DOT,30,-0.150,-0.050,0.080,0.30,3.228,-6.125,2,1
KRW-DOT,31,-0.150,-0.070,0.000,0.30,3.228,-6.125,2,1
KRW-DOT,32,-0.150,-0.070,0.020,0.30,3.228,-6.125,2,1
KRW-DOT,33,-0.150,-0.070,0.030,0.30,3.228,-6.125,2,1
KRW-DOT,34,-0.150,-0.070,0.050,0.30,3.228,-6.125,2,1
KRW-DOT,35,-0.150,-0.070,0.080,0.30,3.228,-6.125,2,1
KRW-DOT,36,-0.150,-0.100,0.000,0.30,1.722,-7.495,2,1
KRW-DOT,37,-0.150,-0.100,0.020,0.30,1.722,-7.495,2,1
KRW-DOT,38,-0.150,-0.100,0.030,0.30,1.722,-7.495,2,1
KRW-DOT,39,-0.150,-0.100,0.050,0.30,1.722,-7.495,2,1
KRW-DOT,40,-0.150,-0.100,0.080,0.30,1.722,-7.495,2,1
KRW-DOT,41,-0.200,-0.030,0.000,0.30,4.454,-4.598,2,1
KRW-DOT,28,-0.150,-0.050,0.030,0.30,3.228,-6.125,2,1
KRW-DOT,29,-0.150,-0.050,0.050,0.30,3.228,-6.125,2,1
KRW-DOT,42,-0.200,-0.030,0.020,0.30,4.454,-4.598,2,1
KRW-DOT,43,-0.200,-0.030,0.030,0.30,4.454,-4.598,2,1
KRW-DOT,44,-0.200,-0.030,0.050,0.30,4.454,-4.598,2,1
KRW-DOT,45,-0.200,-0.030,0.080,0.30,4.454,-4.598,2,1
KRW-DOT,47,-0.200,-0.050,0.020,0.30,3.228,-6.125,2,1
KRW-DOT,48,-0.200,-0.050,0.030,0.30,3.228,-6.125,2,1
KRW-DOT,11,-0.100,-0.070,0.000,0.30,-6.776,-7.566,2,2
KRW-DOT,46,-0.200,-0.050,0.000,0.30,3.228,-6.125,2,1
KRW-DOT,49,-0.200,-0.050,0.050,0.30,3.228,-6.125,2,1
KRW-DOT,50,-0.200,-0.050,0.080,0.30,3.228,-6.125,2,1
KRW-DOT,51,-0.200,-0.070,0.000,0.30,3.228,-6.125,2,1
KRW-DOT,52,-0.200,-0.070,0.020,0.30,3.228,-6.125,2,1
KRW-DOT,53,-0.200,-0.070,0.030,0.30,3.228,-6.125,2,1
KRW-DOT,54,-0.200,-0.070,0.050,0.30,3.228,-6.125,2,1
KRW-DOT,55,-0.200,-0.070,0.080,0.30,3.228,-6.125,2,1
KRW-DOT,56,-0.200,-0.100,0.000,0.30,1.722,-7.495,2,1
KRW-DOT,57,-0.200,-0.100,0.020,0.30,1.722,-7.495,2,1
KRW-DOT,58,-0.200,-0.100,0.030,0.30,1.722,-7.495,2,1
KRW-DOT,59,-0.200,-0.100,0.050,0.30,1.722,-7.495,2,1
KRW-DOT,60,-0.200,-0.100,0.080,0.30,1.722,-7.495,2,1
KRW-DOT,61,-0.250,-0.030,0.000,0.30,4.454,-4.598,2,1
KRW-DOT,62,-0.250,-0.030,0.020,0.30,4.454,-4.598,2,1
KRW-DOT,63,-0.250,-0.030,0.030,0.30,4.454,-4.598,2,1
KRW-DOT,64,-0.250,-0.030,0.050,0.30,4.454,-4.598,2,1
KRW-DOT,65,-0.250,-0.030,0.080,0.30,4.454,-4.598,2,1
KRW-DOT,69,-0.250,-0.050,0.050,0.30,3.228,-6.125,2,1
KRW-DOT,70,-0.250,-0.050,0.080,0.30,3.228,-6.125,2,1
KRW-DOT,71,-0.250,-0.070,0.000,0.30,3.228,-6.125,2,1
KRW-DOT,72,-0.250,-0.070,0.020,0.30,3.228,-6.125,2,1
KRW-DOT,73,-0.250,-0.070,0.030,0.30,3.228,-6.125,2,1
KRW-DOT,74,-0.250,-0.070,0.050,0.30,3.228,-6.125,2,1
KRW-DOT,75,-0.250,-0.070,0.080,0.30,3.228,-6.125,2,1
KRW-DOT,76,-0.250,-0.100,0.000,0.30,1.722,-7.495,2,1
KRW-DOT,77,-0.250,-0.100,0.020,0.30,1.722,-7.495,2,1
KRW-DOT,78,-0.250,-0.100,0.030,0.30,1.722,-7.495,2,1
KRW-DOT,79,-0.250,-0.100,0.050,0.30,1.722,-7.495,2,1
KRW-DOT,80,-0.250,-0.100,0.080,0.30,1.722,-7.495,2,1
KRW-DOT,81,-0.300,-0.030,0.000,0.30,4.454,-4.598,2,1
KRW-DOT,82,-0.300,-0.030,0.020,0.30,4.454,-4.598,2,1
KRW-DOT,83,-0.300,-0.030,0.030,0.30,4.454,-4.598,2,1
KRW-DOT,84,-0.300,-0.030,0.050,0.30,4.454,-4.598,2,1
KRW-DOT,85,-0.300,-0.030,0.080,0.30,4.454,-4.598,2,1
KRW-DOT,66,-0.250,-0.050,0.000,0.30,3.228,-6.125,2,1
KRW-DOT,86,-0.300,-0.050,0.000,0.30,3.228,-6.125,2,1
KRW-DOT,87,-0.300,-0.050,0.020,0.30,3.228,-6.125,2,1
KRW-DOT,90,-0.300,-0.050,0.080,0.30,3.228,-6.125,2,1
KRW-DOT,91,-0.300,-0.070,0.000,0.30,3.228,-6.125,2,1
KRW-DOT,92,-0.300,-0.070,0.020,0.30,3.228,-6.125,2,1
KRW-DOT,93,-0.300,-0.070,0.030,0.30,3.228,-6.125,2,1
KRW-DOT,94,-0.300,-0.070,0.050,0.30,3.228,-6.125,2,1
KRW-DOT,89,-0.300,-0.050,0.050,0.30,3.228,-6.125,2,1
KRW-DOT,95,-0.300,-0.070,0.080,0.30,3.228,-6.125,2,1
KRW-DOT,67,-0.250,-0.050,0.020,0.30,3.228,-6.125,2,1
KRW-DOT,96,-0.300,-0.100,0.000,0.30,1.722,-7.495,2,1
KRW-DOT,68,-0.250,-0.050,0.030,0.30,3.228,-6.125,2,1
KRW-DOT,88,-0.300,-0.050,0.030,0.30,3.228,-6.125,2,1
KRW-DOT,10,-0.100,-0.050,0.080,0.30,-6.776,-7.566,2,2
KRW-DOT,100,-0.300,-0.100,0.080,0.30,1.722,-7.495,2,1
KRW-DOT,98,-0.300,-0.100,0.030,0.30,1.722,-7.495,2,1
KRW-ETH,4,-0.100,-0.030,0.050,0.30,-7.073,-7.129,3,2
KRW-ETH,5,-0.100,-0.030,0.080,0.30,-7.073,-7.129,3,2
KRW-ETH,7,-0.100,-0.050,0.020,0.30,-7.073,-7.129,3,2
KRW-ETH,6,-0.100,-0.050,0.000,0.30,-7.073,-7.129,3,2
KRW-ETH,8,-0.100,-0.050,0.030,0.30,-7.073,-7.129,3,2
KRW-ETH,9,-0.100,-0.050,0.050,0.30,-7.073,-7.129,3,2
KRW-ETH,10,-0.100,-0.050,0.080,0.30,-7.073,-7.129,3,2
KRW-ETH,11,-0.100,-0.070,0.000,0.30,-7.073,-7.129,3,2
KRW-ETH,12,-0.100,-0.070,0.020,0.30,-7.073,-7.129,3,2
KRW-ETH,14,-0.100,-0.070,0.050,0.30,-7.073,-7.129,3,2
KRW-ETH,13,-0.100,-0.070,0.030,0.30,-7.073,-7.129,3,2
KRW-ETH,2,-0.100,-0.030,0.020,0.30,-7.073,-7.129,3,2
KRW-ETH,15,-0.100,-0.070,0.080,0.30,-7.073,-7.129,3,2
KRW-ETH,16,-0.100,-0.100,0.000,0.30,-7.073,-7.129,3,2
KRW-ETH,17,-0.100,-0.100,0.020,0.30,-7.073,-7.129,3,2
KRW-ETH,19,-0.100,-0.100,0.050,0.30,-7.073,-7.129,3,2
KRW-ETH,18,-0.100,-0.100,0.030,0.30,-7.073,-7.129,3,2
KRW-ETH,20,-0.100,-0.100,0.080,0.30,-7.073,-7.129,3,2
KRW-ETH,21,-0.150,-0.030,0.000,0.30,1.518,-7.538,3,2
KRW-ETH,3,-0.100,-0.030,0.030,0.30,-7.073,-7.129,3,2
KRW-ETH,1,-0.100,-0.030,0.000,0.30,-7.073,-7.129,3,2
KRW-DOT,97,-0.300,-0.100,0.020,0.30,1.722,-7.495,2,1
KRW-ETH,22,-0.150,-0.030,0.020,0.30,1.518,-7.538,3,2
KRW-ETH,23,-0.150,-0.030,0.030,0.30,1.518,-7.538,3,2
KRW-ETH,24,-0.150,-0.030,0.050,0.30,1.518,-7.538,3,2
KRW-ETH,25,-0.150,-0.030,0.080,0.30,1.518,-7.538,3,2
KRW-ETH,26,-0.150,-0.050,0.000,0.30,1.518,-7.538,3,2
KRW-ETH,27,-0.150,-0.050,0.020,0.30,1.518,-7.538,3,2
KRW-ETH,28,-0.150,-0.050,0.030,0.30,1.518,-7.538,3,2
KRW-ETH,29,-0.150,-0.050,0.050,0.30,1.518,-7.538,3,2
KRW-ETH,30,-0.150,-0.050,0.080,0.30,1.518,-7.538,3,2
KRW-ETH,31,-0.150,-0.070,0.000,0.30,-0.012,-7.538,3,2
KRW-ETH,33,-0.150,-0.070,0.030,0.30,-0.012,-7.538,3,2
KRW-ETH,32,-0.150,-0.070,0.020,0.30,-0.012,-7.538,3,2
KRW-ETH,34,-0.150,-0.070,0.050,0.30,-0.012,-7.538,3,2
KRW-ETH,35,-0.150,-0.070,0.080,0.30,-0.012,-7.538,3,2
KRW-ETH,36,-0.150,-0.100,0.000,0.30,-1.590,-7.538,3,2
KRW-ETH,37,-0.150,-0.100,0.020,0.30,-1.590,-7.538,3,2
KRW-ETH,39,-0.150,-0.100,0.050,0.30,-1.590,-7.538,3,2
KRW-ETH,38,-0.150,-0.100,0.030,0.30,-1.590,-7.538,3,2
KRW-DOT,99,-0.300,-0.100,0.050,0.30,1.722,-7.495,2,1
KRW-ETH,44,-0.200,-0.030,0.050,0.30,0.778,-8.212,3,2
KRW-ETH,41,-0.200,-0.030,0.000,0.30,0.778,-8.212,3,2
KRW-ETH,40,-0.150,-0.100,0.080,0.30,-1.590,-7.538,3,2
KRW-ETH,47,-0.200,-0.050,0.020,0.30,0.778,-8.212,3,2
KRW-ETH,43,-0.200,-0.030,0.030,0.30,0.778,-8.212,3,2
KRW-ETH,42,-0.200,-0.030,0.020,0.30,0.778,-8.212,3,2
KRW-ETH,46,-0.200,-0.050,0.000,0.30,0.778,-8.212,3,2
KRW-ETH,49,-0.200,-0.050,0.050,0.30,0.778,-8.212,3,2
KRW-ETH,45,-0.200,-0.030,0.080,0.30,0.778,-8.212,3,2
KRW-ETH,51,-0.200,-0.070,0.000,0.30,-0.741,-8.212,3,2
KRW-ETH,52,-0.200,-0.070,0.020,0.30,-0.741,-8.212,3,2
KRW-ETH,50,-0.200,-0.050,0.080,0.30,0.778,-8.212,3,2
KRW-ETH,54,-0.200,-0.070,0.050,0.30,-0.741,-8.212,3,2
KRW-ETH,55,-0.200,-0.070,0.080,0.30,-0.741,-8.212,3,2
KRW-ETH,56,-0.200,-0.100,0.000,0.30,-2.307,-8.212,3,2
KRW-ETH,48,-0.200,-0.050,0.030,0.30,0.778,-8.212,3,2
KRW-ETH,57,-0.200,-0.100,0.020,0.30,-2.307,-8.212,3,2
KRW-ETH,58,-0.200,-0.100,0.030,0.30,-2.307,-8.212,3,2
KRW-ETH,59,-0.200,-0.100,0.050,0.30,-2.307,-8.212,3,2
KRW-ETH,60,-0.200,-0.100,0.080,0.30,-2.307,-8.212,3,2
KRW-ETH,61,-0.250,-0.030,0.000,0.30,0.357,-8.596,3,2
KRW-ETH,53,-0.200,-0.070,0.030,0.30,-0.741,-8.212,3,2
KRW-ETH,63,-0.250,-0.030,0.030,0.30,0.357,-8.596,3,2
KRW-ETH,62,-0.250,-0.030,0.020,0.30,0.357,-8.596,3,2
KRW-ETH,64,-0.250,-0.030,0.050,0.30,0.357,-8.596,3,2
KRW-ETH,65,-0.250,-0.030,0.080,0.30,0.357,-8.596,3,2
KRW-ETH,69,-0.250,-0.050,0.050,0.30,0.357,-8.596,3,2
KRW-ETH,70,-0.250,-0.050,0.080,0.30,0.357,-8.596,3,2
KRW-ETH,71,-0.250,-0.070,0.000,0.30,-1.155,-8.596,3,2
KRW-ETH,67,-0.250,-0.050,0.020,0.30,0.357,-8.596,3,2
KRW-ETH,72,-0.250,-0.070,0.020,0.30,-1.155,-8.596,3,2
KRW-ETH,73,-0.250,-0.070,0.030,0.30,-1.155,-8.596,3,2
KRW-ETH,74,-0.250,-0.070,0.050,0.30,-1.155,-8.596,3,2
KRW-ETH,75,-0.250,-0.070,0.080,0.30,-1.155,-8.596,3,2
KRW-ETH,76,-0.250,-0.100,0.000,0.30,-2.715,-8.596,3,2
KRW-ETH,77,-0.250,-0.100,0.020,0.30,-2.715,-8.596,3,2
KRW-ETH,79,-0.250,-0.100,0.050,0.30,-2.715,-8.596,3,2
KRW-ETH,78,-0.250,-0.100,0.030,0.30,-2.715,-8.596,3,2
KRW-ETH,80,-0.250,-0.100,0.080,0.30,-2.715,-8.596,3,2
KRW-ETH,81,-0.300,-0.030,0.000,0.30,-0.741,-9.595,3,2
KRW-ETH,82,-0.300,-0.030,0.020,0.30,-0.741,-9.595,3,2
KRW-ETH,83,-0.300,-0.030,0.030,0.30,-0.741,-9.595,3,2
KRW-ETH,84,-0.300,-0.030,0.050,0.30,-0.741,-9.595,3,2
KRW-ETH,85,-0.300,-0.030,0.080,0.30,-0.741,-9.595,3,2
KRW-ETH,86,-0.300,-0.050,0.000,0.30,-0.741,-9.595,3,2
KRW-ETH,66,-0.250,-0.050,0.000,0.30,0.357,-8.596,3,2
KRW-ETH,68,-0.250,-0.050,0.030,0.30,0.357,-8.596,3,2
KRW-ETH,93,-0.300,-0.070,0.030,0.30,-2.237,-9.595,3,2
KRW-ETH,89,-0.300,-0.050,0.050,0.30,-0.741,-9.595,3,2
KRW-ETH,91,-0.300,-0.070,0.000,0.30,-2.237,-9.595,3,2
KRW-ETH,94,-0.300,-0.070,0.050,0.30,-2.237,-9.595,3,2
KRW-ETH,95,-0.300,-0.070,0.080,0.30,-2.237,-9.595,3,2
KRW-ETH,96,-0.300,-0.100,0.000,0.30,-3.780,-9.595,3,2
KRW-ETH,97,-0.300,-0.100,0.020,0.30,-3.780,-9.595,3,2
KRW-ETH,98,-0.300,-0.100,0.030,0.30,-3.780,-9.595,3,2
KRW-ETH,99,-0.300,-0.100,0.050,0.30,-3.780,-9.595,3,2
KRW-ETH,100,-0.300,-0.100,0.080,0.30,-3.780,-9.595,3,2
KRW-ETH,92,-0.300,-0.070,0.020,0.30,-2.237,-9.595,3,2
KRW-LINK,1,-0.100,-0.030,0.000,0.30,-6.095,-8.494,2,2
KRW-LINK,3,-0.100,-0.030,0.030,0.30,-6.095,-8.494,2,2
KRW-LINK,4,-0.100,-0.030,0.050,0.30,-6.095,-8.494,2,2
KRW-ETH,87,-0.300,-0.050,0.020,0.30,-0.741,-9.595,3,2
KRW-LINK,5,-0.100,-0.030,0.080,0.30,-6.095,-8.494,2,2
KRW-LINK,2,-0.100,-0.030,0.020,0.30,-6.095,-8.494,2,2
KRW-LINK,8,-0.100,-0.050,0.030,0.30,-4.814,-8.494,2,2
KRW-LINK,9,-0.100,-0.050,0.050,0.30,-4.814,-8.494,2,2
KRW-ETH,88,-0.300,-0.050,0.030,0.30,-0.741,-9.595,3,2
KRW-ETH,90,-0.300,-0.050,0.080,0.30,-0.741,-9.595,3,2
KRW-LINK,6,-0.100,-0.050,0.000,0.30,-4.814,-8.494,2,2
KRW-LINK,10,-0.100,-0.050,0.080,0.30,-4.814,-8.494,2,2
KRW-LINK,11,-0.100,-0.070,0.000,0.30,-5.412,-8.494,2,2
KRW-LINK,7,-0.100,-0.050,0.020,0.30,-4.814,-8.494,2,2
KRW-LINK,12,-0.100,-0.070,0.020,0.30,-5.412,-8.494,2,2
KRW-LINK,13,-0.100,-0.070,0.030,0.30,-5.412,-8.494,2,2
KRW-LINK,14,-0.100,-0.070,0.050,0.30,-5.412,-8.494,2,2
KRW-LINK,15,-0.100,-0.070,0.080,0.30,-5.412,-8.494,2,2
KRW-LINK,16,-0.100,-0.100,0.000,0.30,-6.159,-8.494,2,2
KRW-LINK,17,-0.100,-0.100,0.020,0.30,-6.159,-8.494,2,2
KRW-LINK,18,-0.100,-0.100,0.030,0.30,-6.159,-8.494,2,2
KRW-LINK,19,-0.100,-0.100,0.050,0.30,-6.159,-8.494,2,2
KRW-LINK,20,-0.100,-0.100,0.080,0.30,-6.159,-8.494,2,2
KRW-LINK,21,-0.150,-0.030,0.000,0.30,-6.095,-8.494,2,2
KRW-LINK,22,-0.150,-0.030,0.020,0.30,-6.095,-8.494,2,2
KRW-LINK,23,-0.150,-0.030,0.030,0.30,-6.095,-8.494,2,2
KRW-LINK,25,-0.150,-0.030,0.080,0.30,-6.095,-8.494,2,2
KRW-LINK,24,-0.150,-0.030,0.050,0.30,-6.095,-8.494,2,2
KRW-LINK,26,-0.150,-0.050,0.000,0.30,-4.814,-8.494,2,2
KRW-LINK,27,-0.150,-0.050,0.020,0.30,-4.814,-8.494,2,2
KRW-LINK,28,-0.150,-0.050,0.030,0.30,-4.814,-8.494,2,2
KRW-LINK,29,-0.150,-0.050,0.050,0.30,-4.814,-8.494,2,2
KRW-LINK,31,-0.150,-0.070,0.000,0.30,-5.412,-8.494,2,2
KRW-LINK,32,-0.150,-0.070,0.020,0.30,-5.412,-8.494,2,2
KRW-LINK,30,-0.150,-0.050,0.080,0.30,-4.814,-8.494,2,2
KRW-LINK,33,-0.150,-0.070,0.030,0.30,-5.412,-8.494,2,2
KRW-LINK,34,-0.150,-0.070,0.050,0.30,-5.412,-8.494,2,2
KRW-LINK,35,-0.150,-0.070,0.080,0.30,-5.412,-8.494,2,2
KRW-LINK,36,-0.150,-0.100,0.000,0.30,-6.159,-8.494,2,2
KRW-LINK,37,-0.150,-0.100,0.020,0.30,-6.159,-8.494,2,2
KRW-LINK,38,-0.150,-0.100,0.030,0.30,-6.159,-8.494,2,2
KRW-LINK,39,-0.150,-0.100,0.050,0.30,-6.159,-8.494,2,2
KRW-LINK,40,-0.150,-0.100,0.080,0.30,-6.159,-8.494,2,2
KRW-LINK,41,-0.200,-0.030,0.000,0.30,0.074,-7.220,2,1
KRW-LINK,42,-0.200,-0.030,0.020,0.30,0.074,-7.220,2,1
KRW-LINK,43,-0.200,-0.030,0.030,0.30,0.074,-7.220,2,1
KRW-LINK,44,-0.200,-0.030,0.050,0.30,0.074,-7.220,2,1
KRW-LINK,45,-0.200,-0.030,0.080,0.30,0.074,-7.220,2,1
KRW-LINK,46,-0.200,-0.050,0.000,0.30,-0.477,-7.220,2,1
KRW-LINK,47,-0.200,-0.050,0.020,0.30,-0.477,-7.220,2,1
KRW-LINK,48,-0.200,-0.050,0.030,0.30,-0.477,-7.220,2,1
KRW-LINK,49,-0.200,-0.050,0.050,0.30,-0.477,-7.220,2,1
KRW-LINK,50,-0.200,-0.050,0.080,0.30,-0.477,-7.220,2,1
KRW-LINK,51,-0.200,-0.070,0.000,0.30,0.909,-7.220,2,0
KRW-LINK,52,-0.200,-0.070,0.020,0.30,0.909,-7.220,2,0
KRW-LINK,53,-0.200,-0.070,0.030,0.30,0.909,-7.220,2,0
KRW-LINK,54,-0.200,-0.070,0.050,0.30,0.909,-7.220,2,0
KRW-LINK,55,-0.200,-0.070,0.080,0.30,0.909,-7.220,2,0
KRW-LINK,56,-0.200,-0.100,0.000,0.30,0.909,-7.220,2,0
KRW-LINK,57,-0.200,-0.100,0.020,0.30,0.909,-7.220,2,0
KRW-LINK,58,-0.200,-0.100,0.030,0.30,0.909,-7.220,2,0
KRW-LINK,59,-0.200,-0.100,0.050,0.30,0.909,-7.220,2,0
KRW-LINK,60,-0.200,-0.100,0.080,0.30,0.909,-7.220,2,0
KRW-LINK,61,-0.250,-0.030,0.000,0.30,0.074,-7.220,2,1
KRW-LINK,62,-0.250,-0.030,0.020,0.30,0.074,-7.220,2,1
KRW-LINK,63,-0.250,-0.030,0.030,0.30,0.074,-7.220,2,1
KRW-LINK,65,-0.250,-0.030,0.080,0.30,0.074,-7.220,2,1
KRW-LINK,64,-0.250,-0.030,0.050,0.30,0.074,-7.220,2,1
KRW-LINK,66,-0.250,-0.050,0.000,0.30,-0.477,-7.220,2,1
KRW-LINK,67,-0.250,-0.050,0.020,0.30,-0.477,-7.220,2,1
KRW-LINK,68,-0.250,-0.050,0.030,0.30,-0.477,-7.220,2,1
KRW-LINK,69,-0.250,-0.050,0.050,0.30,-0.477,-7.220,2,1
KRW-LINK,71,-0.250,-0.070,0.000,0.30,0.909,-7.220,2,0
KRW-LINK,73,-0.250,-0.070,0.030,0.30,0.909,-7.220,2,0
KRW-LINK,72,-0.250,-0.070,0.020,0.30,0.909,-7.220,2,0
KRW-LINK,77,-0.250,-0.100,0.020,0.30,0.909,-7.220,2,0
KRW-LINK,78,-0.250,-0.100,0.030,0.30,0.909,-7.220,2,0
KRW-LINK,79,-0.250,-0.100,0.050,0.30,0.909,-7.220,2,0
KRW-LINK,80,-0.250,-0.100,0.080,0.30,0.909,-7.220,2,0
KRW-LINK,81,-0.300,-0.030,0.000,0.30,0.074,-7.220,2,1
KRW-LINK,82,-0.300,-0.030,0.020,0.30,0.074,-7.220,2,1
KRW-LINK,83,-0.300,-0.030,0.030,0.30,0.074,-7.220,2,1
KRW-LINK,84,-0.300,-0.030,0.050,0.30,0.074,-7.220,2,1
KRW-LINK,85,-0.300,-0.030,0.080,0.30,0.074,-7.220,2,1
KRW-LINK,86,-0.300,-0.050,0.000,0.30,-0.477,-7.220,2,1
KRW-LINK,87,-0.300,-0.050,0.020,0.30,-0.477,-7.220,2,1
KRW-LINK,88,-0.300,-0.050,0.030,0.30,-0.477,-7.220,2,1
KRW-LINK,89,-0.300,-0.050,0.050,0.30,-0.477,-7.220,2,1
KRW-LINK,90,-0.300,-0.050,0.080,0.30,-0.477,-7.220,2,1
KRW-LINK,91,-0.300,-0.070,0.000,0.30,0.909,-7.220,2,0
KRW-LINK,92,-0.300,-0.070,0.020,0.30,0.909,-7.220,2,0
KRW-LINK,93,-0.300,-0.070,0.030,0.30,0.909,-7.220,2,0
KRW-LINK,94,-0.300,-0.070,0.050,0.30,0.909,-7.220,2,0
KRW-LINK,76,-0.250,-0.100,0.000,0.30,0.909,-7.220,2,0
KRW-LINK,70,-0.250,-0.050,0.080,0.30,-0.477,-7.220,2,1
KRW-LINK,74,-0.250,-0.070,0.050,0.30,0.909,-7.220,2,0
KRW-LINK,75,-0.250,-0.070,0.080,0.30,0.909,-7.220,2,0
KRW-LINK,95,-0.300,-0.070,0.080,0.30,0.909,-7.220,2,0
KRW-LINK,96,-0.300,-0.100,0.000,0.30,0.909,-7.220,2,0
KRW-LINK,98,-0.300,-0.100,0.030,0.30,0.909,-7.220,2,0
KRW-LINK,99,-0.300,-0.100,0.050,0.30,0.909,-7.220,2,0
KRW-LINK,100,-0.300,-0.100,0.080,0.30,0.909,-7.220,2,0
KRW-SOL,1,-0.100,-0.030,0.000,0.30,-11.271,-11.465,4,3
KRW-SOL,2,-0.100,-0.030,0.020,0.30,-11.271,-11.465,4,3
KRW-LINK,97,-0.300,-0.100,0.020,0.30,0.909,-7.220,2,0
KRW-SOL,5,-0.100,-0.030,0.080,0.30,-11.271,-11.465,4,3
KRW-SOL,6,-0.100,-0.050,0.000,0.30,-11.271,-11.465,4,3
KRW-SOL,8,-0.100,-0.050,0.030,0.30,-11.271,-11.465,4,3
KRW-SOL,9,-0.100,-0.050,0.050,0.30,-11.271,-11.465,4,3
KRW-SOL,3,-0.100,-0.030,0.030,0.30,-11.271,-11.465,4,3
KRW-SOL,10,-0.100,-0.050,0.080,0.30,-11.271,-11.465,4,3
KRW-SOL,11,-0.100,-0.070,0.000,0.30,-11.271,-11.465,4,3
KRW-SOL,7,-0.100,-0.050,0.020,0.30,-11.271,-11.465,4,3
KRW-SOL,13,-0.100,-0.070,0.030,0.30,-11.271,-11.465,4,3
KRW-SOL,4,-0.100,-0.030,0.050,0.30,-11.271,-11.465,4,3
KRW-SOL,14,-0.100,-0.070,0.050,0.30,-11.271,-11.465,4,3
KRW-SOL,18,-0.100,-0.100,0.030,0.30,-11.271,-11.465,4,3
KRW-SOL,15,-0.100,-0.070,0.080,0.30,-11.271,-11.465,4,3
KRW-SOL,19,-0.100,-0.100,0.050,0.30,-11.271,-11.465,4,3
KRW-SOL,20,-0.100,-0.100,0.080,0.30,-11.271,-11.465,4,3
KRW-SOL,21,-0.150,-0.030,0.000,0.30,-12.946,-16.935,4,3
KRW-SOL,16,-0.100,-0.100,0.000,0.30,-11.271,-11.465,4,3
KRW-SOL,17,-0.100,-0.100,0.020,0.30,-11.271,-11.465,4,3
KRW-SOL,24,-0.150,-0.030,0.050,0.30,-12.946,-16.935,4,3
KRW-SOL,27,-0.150,-0.050,0.020,0.30,-12.946,-16.935,4,3
KRW-SOL,12,-0.100,-0.070,0.020,0.30,-11.271,-11.465,4,3
KRW-SOL,22,-0.150,-0.030,0.020,0.30,-12.946,-16.935,4,3
KRW-SOL,28,-0.150,-0.050,0.030,0.30,-12.946,-16.935,4,3
KRW-SOL,29,-0.150,-0.050,0.050,0.30,-12.946,-16.935,4,3
KRW-SOL,30,-0.150,-0.050,0.080,0.30,-12.946,-16.935,4,3
KRW-SOL,26,-0.150,-0.050,0.000,0.30,-12.946,-16.935,4,3
KRW-SOL,32,-0.150,-0.070,0.020,0.30,-13.861,-16.935,4,3
KRW-SOL,33,-0.150,-0.070,0.030,0.30,-13.861,-16.935,4,3
KRW-SOL,31,-0.150,-0.070,0.000,0.30,-13.861,-16.935,4,3
KRW-SOL,35,-0.150,-0.070,0.080,0.30,-13.861,-16.935,4,3
KRW-SOL,37,-0.150,-0.100,0.020,0.30,-13.569,-16.935,4,2
KRW-SOL,23,-0.150,-0.030,0.030,0.30,-12.946,-16.935,4,3
KRW-SOL,38,-0.150,-0.100,0.030,0.30,-13.569,-16.935,4,2
KRW-SOL,34,-0.150,-0.070,0.050,0.30,-13.861,-16.935,4,3
KRW-SOL,41,-0.200,-0.030,0.000,0.30,-10.197,-14.312,4,2
KRW-SOL,39,-0.150,-0.100,0.050,0.30,-13.569,-16.935,4,2
KRW-SOL,45,-0.200,-0.030,0.080,0.30,-10.197,-14.312,4,2
KRW-SOL,36,-0.150,-0.100,0.000,0.30,-13.569,-16.935,4,2
KRW-SOL,46,-0.200,-0.050,0.000,0.30,-10.197,-14.312,4,2
KRW-SOL,47,-0.200,-0.050,0.020,0.30,-10.197,-14.312,4,2
KRW-SOL,48,-0.200,-0.050,0.030,0.30,-10.197,-14.312,4,2
KRW-SOL,43,-0.200,-0.030,0.030,0.30,-10.197,-14.312,4,2
KRW-SOL,49,-0.200,-0.050,0.050,0.30,-10.197,-14.312,4,2
KRW-SOL,50,-0.200,-0.050,0.080,0.30,-10.197,-14.312,4,2
KRW-SOL,51,-0.200,-0.070,0.000,0.30,-11.141,-14.312,4,2
KRW-SOL,52,-0.200,-0.070,0.020,0.30,-11.141,-14.312,4,2
KRW-SOL,53,-0.200,-0.070,0.030,0.30,-11.141,-14.312,4,2
KRW-SOL,54,-0.200,-0.070,0.050,0.30,-11.141,-14.312,4,2
KRW-SOL,55,-0.200,-0.070,0.080,0.30,-11.141,-14.312,4,2
KRW-SOL,56,-0.200,-0.100,0.000,0.30,-10.840,-14.312,4,1
KRW-SOL,57,-0.200,-0.100,0.020,0.30,-10.840,-14.312,4,1
KRW-SOL,58,-0.200,-0.100,0.030,0.30,-10.840,-14.312,4,1
KRW-SOL,59,-0.200,-0.100,0.050,0.30,-10.840,-14.312,4,1
KRW-SOL,60,-0.200,-0.100,0.080,0.30,-10.840,-14.312,4,1
KRW-SOL,62,-0.250,-0.030,0.020,0.30,-16.431,-20.261,4,2
KRW-SOL,44,-0.200,-0.030,0.050,0.30,-10.197,-14.312,4,2
KRW-SOL,40,-0.150,-0.100,0.080,0.30,-13.569,-16.935,4,2
KRW-SOL,42,-0.200,-0.030,0.020,0.30,-10.197,-14.312,4,2
KRW-SOL,63,-0.250,-0.030,0.030,0.30,-16.431,-20.261,4,2
KRW-SOL,25,-0.150,-0.030,0.080,0.30,-12.946,-16.935,4,3
KRW-SOL,61,-0.250,-0.030,0.000,0.30,-16.431,-20.261,4,2
KRW-SOL,64,-0.250,-0.030,0.050,0.30,-16.431,-20.261,4,2
KRW-SOL,65,-0.250,-0.030,0.080,0.30,-16.431,-20.261,4,2
KRW-SOL,67,-0.250,-0.050,0.020,0.30,-16.431,-20.261,4,2
KRW-SOL,68,-0.250,-0.050,0.030,0.30,-16.431,-20.261,4,2
KRW-SOL,69,-0.250,-0.050,0.050,0.30,-16.431,-20.261,4,2
KRW-SOL,70,-0.250,-0.050,0.080,0.30,-16.431,-20.261,4,2
KRW-SOL,71,-0.250,-0.070,0.000,0.30,-17.309,-20.261,4,2
KRW-SOL,74,-0.250,-0.070,0.050,0.30,-17.309,-20.261,4,2
KRW-SOL,73,-0.250,-0.070,0.030,0.30,-17.309,-20.261,4,2
KRW-SOL,78,-0.250,-0.100,0.030,0.30,-17.029,-20.261,4,1
KRW-SOL,79,-0.250,-0.100,0.050,0.30,-17.029,-20.261,4,1
KRW-SOL,80,-0.250,-0.100,0.080,0.30,-17.029,-20.261,4,1
KRW-SOL,76,-0.250,-0.100,0.000,0.30,-17.029,-20.261,4,1
KRW-SOL,81,-0.300,-0.030,0.000,0.30,-16.431,-20.261,4,2
KRW-SOL,82,-0.300,-0.030,0.020,0.30,-16.431,-20.261,4,2
KRW-SOL,83,-0.300,-0.030,0.030,0.30,-16.431,-20.261,4,2
KRW-SOL,84,-0.300,-0.030,0.050,0.30,-16.431,-20.261,4,2
KRW-SOL,85,-0.300,-0.030,0.080,0.30,-16.431,-20.261,4,2
KRW-SOL,86,-0.300,-0.050,0.000,0.30,-16.431,-20.261,4,2
KRW-SOL,87,-0.300,-0.050,0.020,0.30,-16.431,-20.261,4,2
KRW-SOL,88,-0.300,-0.050,0.030,0.30,-16.431,-20.261,4,2
KRW-SOL,90,-0.300,-0.050,0.080,0.30,-16.431,-20.261,4,2
KRW-SOL,89,-0.300,-0.050,0.050,0.30,-16.431,-20.261,4,2
KRW-SOL,91,-0.300,-0.070,0.000,0.30,-17.309,-20.261,4,2
KRW-SOL,92,-0.300,-0.070,0.020,0.30,-17.309,-20.261,4,2
KRW-SOL,94,-0.300,-0.070,0.050,0.30,-17.309,-20.261,4,2
KRW-SOL,93,-0.300,-0.070,0.030,0.30,-17.309,-20.261,4,2
KRW-SOL,95,-0.300,-0.070,0.080,0.30,-17.309,-20.261,4,2
KRW-SOL,75,-0.250,-0.070,0.080,0.30,-17.309,-20.261,4,2
KRW-SOL,96,-0.300,-0.100,0.000,0.30,-17.029,-20.261,4,1
KRW-SOL,77,-0.250,-0.100,0.020,0.30,-17.029,-20.261,4,1
KRW-SOL,66,-0.250,-0.050,0.000,0.30,-16.431,-20.261,4,2
KRW-SOL,97,-0.300,-0.100,0.020,0.30,-17.029,-20.261,4,1
KRW-SOL,98,-0.300,-0.100,0.030,0.30,-17.029,-20.261,4,1
KRW-SUI,2,-0.100,-0.030,0.020,0.30,-3.727,-3.727,1,1
KRW-SOL,72,-0.250,-0.070,0.020,0.30,-17.309,-20.261,4,2
KRW-SUI,1,-0.100,-0.030,0.000,0.30,-3.727,-3.727,1,1
KRW-SOL,99,-0.300,-0.100,0.050,0.30,-17.029,-20.261,4,1
KRW-SOL,100,-0.300,-0.100,0.080,0.30,-17.029,-20.261,4,1
KRW-SUI,4,-0.100,-0.030,0.050,0.30,-3.727,-3.727,1,1
KRW-SUI,6,-0.100,-0.050,0.000,0.30,-3.727,-3.727,1,1
KRW-SUI,3,-0.100,-0.030,0.030,0.30,-3.727,-3.727,1,1
KRW-SUI,10,-0.100,-0.050,0.080,0.30,-3.727,-3.727,1,1
KRW-SUI,11,-0.100,-0.070,0.000,0.30,-3.727,-3.727,1,1
KRW-SUI,9,-0.100,-0.050,0.050,0.30,-3.727,-3.727,1,1
KRW-SUI,7,-0.100,-0.050,0.020,0.30,-3.727,-3.727,1,1
KRW-SUI,8,-0.100,-0.050,0.030,0.30,-3.727,-3.727,1,1
KRW-SUI,12,-0.100,-0.070,0.020,0.30,-3.727,-3.727,1,1
KRW-SUI,13,-0.100,-0.070,0.030,0.30,-3.727,-3.727,1,1
KRW-SUI,14,-0.100,-0.070,0.050,0.30,-3.727,-3.727,1,1
KRW-SUI,15,-0.100,-0.070,0.080,0.30,-3.727,-3.727,1,1
KRW-SUI,17,-0.100,-0.100,0.020,0.30,-3.727,-3.727,1,1
KRW-SUI,19,-0.100,-0.100,0.050,0.30,-3.727,-3.727,1,1
KRW-SUI,18,-0.100,-0.100,0.030,0.30,-3.727,-3.727,1,1
KRW-SUI,20,-0.100,-0.100,0.080,0.30,-3.727,-3.727,1,1
KRW-SUI,16,-0.100,-0.100,0.000,0.30,-3.727,-3.727,1,1
KRW-SUI,21,-0.150,-0.030,0.000,0.30,-5.018,-5.136,1,1
KRW-SUI,5,-0.100,-0.030,0.080,0.30,-3.727,-3.727,1,1
KRW-SUI,22,-0.150,-0.030,0.020,0.30,-5.018,-5.136,1,1
KRW-SUI,23,-0.150,-0.030,0.030,0.30,-5.018,-5.136,1,1
KRW-SUI,25,-0.150,-0.030,0.080,0.30,-5.018,-5.136,1,1
KRW-SUI,26,-0.150,-0.050,0.000,0.30,-5.018,-5.136,1,1
KRW-SUI,27,-0.150,-0.050,0.020,0.30,-5.018,-5.136,1,1
KRW-SUI,28,-0.150,-0.050,0.030,0.30,-5.018,-5.136,1,1
KRW-SUI,29,-0.150,-0.050,0.050,0.30,-5.018,-5.136,1,1
KRW-SUI,30,-0.150,-0.050,0.080,0.30,-5.018,-5.136,1,1
KRW-SUI,24,-0.150,-0.030,0.050,0.30,-5.018,-5.136,1,1
KRW-SUI,31,-0.150,-0.070,0.000,0.30,-5.018,-5.136,1,1
KRW-SUI,32,-0.150,-0.070,0.020,0.30,-5.018,-5.136,1,1
KRW-SUI,33,-0.150,-0.070,0.030,0.30,-5.018,-5.136,1,1
KRW-SUI,34,-0.150,-0.070,0.050,0.30,-5.018,-5.136,1,1
KRW-SUI,37,-0.150,-0.100,0.020,0.30,-5.018,-5.136,1,1
KRW-SUI,39,-0.150,-0.100,0.050,0.30,-5.018,-5.136,1,1
KRW-SUI,36,-0.150,-0.100,0.000,0.30,-5.018,-5.136,1,1
KRW-SUI,35,-0.150,-0.070,0.080,0.30,-5.018,-5.136,1,1
KRW-SUI,41,-0.200,-0.030,0.000,0.30,0.169,-5.124,1,1
KRW-SUI,40,-0.150,-0.100,0.080,0.30,-5.018,-5.136,1,1
KRW-SUI,44,-0.200,-0.030,0.050,0.30,0.169,-5.124,1,1
KRW-SUI,42,-0.200,-0.030,0.020,0.30,0.169,-5.124,1,1
KRW-SUI,38,-0.150,-0.100,0.030,0.30,-5.018,-5.136,1,1
KRW-SUI,43,-0.200,-0.030,0.030,0.30,0.169,-5.124,1,1
KRW-SUI,45,-0.200,-0.030,0.080,0.30,0.169,-5.124,1,1
KRW-SUI,47,-0.200,-0.050,0.020,0.30,-0.552,-5.725,1,0
KRW-SUI,46,-0.200,-0.050,0.000,0.30,-0.552,-5.725,1,0
KRW-SUI,48,-0.200,-0.050,0.030,0.30,-0.552,-5.725,1,0
KRW-SUI,49,-0.200,-0.050,0.050,0.30,-0.552,-5.725,1,0
KRW-SUI,50,-0.200,-0.050,0.080,0.30,-0.552,-5.725,1,0
KRW-SUI,51,-0.200,-0.070,0.000,0.30,-0.552,-5.725,1,0
KRW-SUI,53,-0.200,-0.070,0.030,0.30,-0.552,-5.725,1,0
KRW-SUI,52,-0.200,-0.070,0.020,0.30,-0.552,-5.725,1,0
KRW-SUI,54,-0.200,-0.070,0.050,0.30,-0.552,-5.725,1,0
KRW-SUI,55,-0.200,-0.070,0.080,0.30,-0.552,-5.725,1,0
KRW-SUI,57,-0.200,-0.100,0.020,0.30,-0.552,-5.725,1,0
KRW-SUI,56,-0.200,-0.100,0.000,0.30,-0.552,-5.725,1,0
KRW-SUI,58,-0.200,-0.100,0.030,0.30,-0.552,-5.725,1,0
KRW-SUI,59,-0.200,-0.100,0.050,0.30,-0.552,-5.725,1,0
KRW-SUI,60,-0.200,-0.100,0.080,0.30,-0.552,-5.725,1,0
KRW-SUI,62,-0.250,-0.030,0.020,0.30,0.169,-5.124,1,1
KRW-SUI,64,-0.250,-0.030,0.050,0.30,0.169,-5.124,1,1
KRW-SUI,65,-0.250,-0.030,0.080,0.30,0.169,-5.124,1,1
KRW-SUI,63,-0.250,-0.030,0.030,0.30,0.169,-5.124,1,1
KRW-SUI,66,-0.250,-0.050,0.000,0.30,-0.552,-5.725,1,0
KRW-SUI,67,-0.250,-0.050,0.020,0.30,-0.552,-5.725,1,0
KRW-SUI,68,-0.250,-0.050,0.030,0.30,-0.552,-5.725,1,0
KRW-SUI,69,-0.250,-0.050,0.050,0.30,-0.552,-5.725,1,0
KRW-SUI,70,-0.250,-0.050,0.080,0.30,-0.552,-5.725,1,0
KRW-SUI,71,-0.250,-0.070,0.000,0.30,-0.552,-5.725,1,0
KRW-SUI,72,-0.250,-0.070,0.020,0.30,-0.552,-5.725,1,0
KRW-SUI,73,-0.250,-0.070,0.030,0.30,-0.552,-5.725,1,0
KRW-SUI,74,-0.250,-0.070,0.050,0.30,-0.552,-5.725,1,0
KRW-SUI,75,-0.250,-0.070,0.080,0.30,-0.552,-5.725,1,0
KRW-SUI,76,-0.250,-0.100,0.000,0.30,-0.552,-5.725,1,0
KRW-SUI,77,-0.250,-0.100,0.020,0.30,-0.552,-5.725,1,0
KRW-SUI,61,-0.250,-0.030,0.000,0.30,0.169,-5.124,1,1
KRW-SUI,85,-0.300,-0.030,0.080,0.30,0.169,-5.124,1,1
KRW-SUI,84,-0.300,-0.030,0.050,0.30,0.169,-5.124,1,1
KRW-SUI,86,-0.300,-0.050,0.000,0.30,-0.552,-5.725,1,0
KRW-SUI,80,-0.250,-0.100,0.080,0.30,-0.552,-5.725,1,0
KRW-SUI,87,-0.300,-0.050,0.020,0.30,-0.552,-5.725,1,0
KRW-SUI,82,-0.300,-0.030,0.020,0.30,0.169,-5.124,1,1
KRW-SUI,88,-0.300,-0.050,0.030,0.30,-0.552,-5.725,1,0
KRW-SUI,89,-0.300,-0.050,0.050,0.30,-0.552,-5.725,1,0
KRW-SUI,90,-0.300,-0.050,0.080,0.30,-0.552,-5.725,1,0
KRW-SUI,81,-0.300,-0.030,0.000,0.30,0.169,-5.124,1,1
KRW-SUI,91,-0.300,-0.070,0.000,0.30,-0.552,-5.725,1,0
KRW-SUI,92,-0.300,-0.070,0.020,0.30,-0.552,-5.725,1,0
KRW-SUI,93,-0.300,-0.070,0.030,0.30,-0.552,-5.725,1,0
KRW-SUI,94,-0.300,-0.070,0.050,0.30,-0.552,-5.725,1,0
KRW-SUI,95,-0.300,-0.070,0.080,0.30,-0.552,-5.725,1,0
KRW-SUI,96,-0.300,-0.100,0.000,0.30,-0.552,-5.725,1,0
KRW-SUI,97,-0.300,-0.100,0.020,0.30,-0.552,-5.725,1,0
KRW-SUI,98,-0.300,-0.100,0.030,0.30,-0.552,-5.725,1,0
KRW-SUI,99,-0.300,-0.100,0.050,0.30,-0.552,-5.725,1,0
KRW-SUI,83,-0.300,-0.030,0.030,0.30,0.169,-5.124,1,1
KRW-XRP,1,-0.100,-0.030,0.000,0.30,-7.190,-11.566,3,2
KRW-SUI,79,-0.250,-0.100,0.050,0.30,-0.552,-5.725,1,0
KRW-SUI,100,-0.300,-0.100,0.080,0.30,-0.552,-5.725,1,0
KRW-XRP,2,-0.100,-0.030,0.020,0.30,-7.190,-11.566,3,2
KRW-XRP,3,-0.100,-0.030,0.030,0.30,-7.190,-11.566,3,2
KRW-XRP,4,-0.100,-0.030,0.050,0.30,-7.190,-11.566,3,2
KRW-XRP,6,-0.100,-0.050,0.000,0.30,-7.732,-11.566,3,2
KRW-SUI,78,-0.250,-0.100,0.030,0.30,-0.552,-5.725,1,0
KRW-XRP,8,-0.100,-0.050,0.030,0.30,-7.732,-11.566,3,2
KRW-XRP,10,-0.100,-0.050,0.080,0.30,-7.732,-11.566,3,2
KRW-XRP,5,-0.100,-0.030,0.080,0.30,-7.190,-11.566,3,2
KRW-XRP,11,-0.100,-0.070,0.000,0.30,-7.232,-11.566,3,1
KRW-XRP,12,-0.100,-0.070,0.020,0.30,-7.232,-11.566,3,1
KRW-XRP,13,-0.100,-0.070,0.030,0.30,-7.232,-11.566,3,1
KRW-XRP,14,-0.100,-0.070,0.050,0.30,-7.232,-11.566,3,1
KRW-XRP,15,-0.100,-0.070,0.080,0.30,-7.232,-11.566,3,1
KRW-XRP,17,-0.100,-0.100,0.020,0.30,-7.232,-11.566,3,1
KRW-XRP,16,-0.100,-0.100,0.000,0.30,-7.232,-11.566,3,1
KRW-XRP,18,-0.100,-0.100,0.030,0.30,-7.232,-11.566,3,1
KRW-XRP,19,-0.100,-0.100,0.050,0.30,-7.232,-11.566,3,1
KRW-XRP,20,-0.100,-0.100,0.080,0.30,-7.232,-11.566,3,1
KRW-XRP,21,-0.150,-0.030,0.000,0.30,-7.190,-11.566,3,2
KRW-XRP,23,-0.150,-0.030,0.030,0.30,-7.190,-11.566,3,2
KRW-XRP,22,-0.150,-0.030,0.020,0.30,-7.190,-11.566,3,2
KRW-XRP,24,-0.150,-0.030,0.050,0.30,-7.190,-11.566,3,2
KRW-XRP,7,-0.100,-0.050,0.020,0.30,-7.732,-11.566,3,2
KRW-XRP,26,-0.150,-0.050,0.000,0.30,-7.732,-11.566,3,2
KRW-XRP,25,-0.150,-0.030,0.080,0.30,-7.190,-11.566,3,2
KRW-XRP,27,-0.150,-0.050,0.020,0.30,-7.732,-11.566,3,2
KRW-XRP,28,-0.150,-0.050,0.030,0.30,-7.732,-11.566,3,2
KRW-XRP,29,-0.150,-0.050,0.050,0.30,-7.732,-11.566,3,2
KRW-XRP,31,-0.150,-0.070,0.000,0.30,-7.232,-11.566,3,1
KRW-XRP,30,-0.150,-0.050,0.080,0.30,-7.732,-11.566,3,2
KRW-XRP,9,-0.100,-0.050,0.050,0.30,-7.732,-11.566,3,2
KRW-XRP,32,-0.150,-0.070,0.020,0.30,-7.232,-11.566,3,1
KRW-XRP,35,-0.150,-0.070,0.080,0.30,-7.232,-11.566,3,1
KRW-XRP,37,-0.150,-0.100,0.020,0.30,-7.232,-11.566,3,1
KRW-XRP,39,-0.150,-0.100,0.050,0.30,-7.232,-11.566,3,1
KRW-XRP,40,-0.150,-0.100,0.080,0.30,-7.232,-11.566,3,1
KRW-XRP,41,-0.200,-0.030,0.000,0.30,-7.190,-11.566,3,2
KRW-XRP,42,-0.200,-0.030,0.020,0.30,-7.190,-11.566,3,2
KRW-XRP,43,-0.200,-0.030,0.030,0.30,-7.190,-11.566,3,2
KRW-XRP,44,-0.200,-0.030,0.050,0.30,-7.190,-11.566,3,2
KRW-XRP,45,-0.200,-0.030,0.080,0.30,-7.190,-11.566,3,2
KRW-XRP,33,-0.150,-0.070,0.030,0.30,-7.232,-11.566,3,1
KRW-XRP,47,-0.200,-0.050,0.020,0.30,-7.732,-11.566,3,2
KRW-XRP,48,-0.200,-0.050,0.030,0.30,-7.732,-11.566,3,2
KRW-XRP,49,-0.200,-0.050,0.050,0.30,-7.732,-11.566,3,2
KRW-XRP,51,-0.200,-0.070,0.000,0.30,-7.232,-11.566,3,1
KRW-XRP,52,-0.200,-0.070,0.020,0.30,-7.232,-11.566,3,1
KRW-XRP,53,-0.200,-0.070,0.030,0.30,-7.232,-11.566,3,1
KRW-XRP,54,-0.200,-0.070,0.050,0.30,-7.232,-11.566,3,1
KRW-XRP,55,-0.200,-0.070,0.080,0.30,-7.232,-11.566,3,1
KRW-XRP,46,-0.200,-0.050,0.000,0.30,-7.732,-11.566,3,2
KRW-XRP,34,-0.150,-0.070,0.050,0.30,-7.232,-11.566,3,1
KRW-XRP,57,-0.200,-0.100,0.020,0.30,-7.232,-11.566,3,1
KRW-XRP,59,-0.200,-0.100,0.050,0.30,-7.232,-11.566,3,1
KRW-XRP,58,-0.200,-0.100,0.030,0.30,-7.232,-11.566,3,1
KRW-XRP,50,-0.200,-0.050,0.080,0.30,-7.732,-11.566,3,2
KRW-XRP,60,-0.200,-0.100,0.080,0.30,-7.232,-11.566,3,1
KRW-XRP,38,-0.150,-0.100,0.030,0.30,-7.232,-11.566,3,1
KRW-XRP,61,-0.250,-0.030,0.000,0.30,-7.190,-11.566,3,2
KRW-XRP,63,-0.250,-0.030,0.030,0.30,-7.190,-11.566,3,2
KRW-XRP,64,-0.250,-0.030,0.050,0.30,-7.190,-11.566,3,2
KRW-XRP,66,-0.250,-0.050,0.000,0.30,-7.732,-11.566,3,2
KRW-XRP,67,-0.250,-0.050,0.020,0.30,-7.732,-11.566,3,2
KRW-XRP,68,-0.250,-0.050,0.030,0.30,-7.732,-11.566,3,2
KRW-XRP,56,-0.200,-0.100,0.000,0.30,-7.232,-11.566,3,1
KRW-XRP,69,-0.250,-0.050,0.050,0.30,-7.732,-11.566,3,2
KRW-XRP,70,-0.250,-0.050,0.080,0.30,-7.732,-11.566,3,2
KRW-XRP,73,-0.250,-0.070,0.030,0.30,-7.232,-11.566,3,1
KRW-XRP,74,-0.250,-0.070,0.050,0.30,-7.232,-11.566,3,1
KRW-XRP,36,-0.150,-0.100,0.000,0.30,-7.232,-11.566,3,1
KRW-XRP,62,-0.250,-0.030,0.020,0.30,-7.190,-11.566,3,2
KRW-XRP,71,-0.250,-0.070,0.000,0.30,-7.232,-11.566,3,1
KRW-XRP,77,-0.250,-0.100,0.020,0.30,-7.232,-11.566,3,1
KRW-XRP,76,-0.250,-0.100,0.000,0.30,-7.232,-11.566,3,1
KRW-XRP,75,-0.250,-0.070,0.080,0.30,-7.232,-11.566,3,1
KRW-XRP,78,-0.250,-0.100,0.030,0.30,-7.232,-11.566,3,1
KRW-XRP,72,-0.250,-0.070,0.020,0.30,-7.232,-11.566,3,1
KRW-XRP,79,-0.250,-0.100,0.050,0.30,-7.232,-11.566,3,1
KRW-XRP,81,-0.300,-0.030,0.000,0.30,-2.995,-7.658,3,0
KRW-XRP,82,-0.300,-0.030,0.020,0.30,-2.995,-7.658,3,0
KRW-XRP,84,-0.300,-0.030,0.050,0.30,-2.995,-7.658,3,0
KRW-XRP,86,-0.300,-0.050,0.000,0.30,-2.995,-7.658,3,0
KRW-XRP,65,-0.250,-0.030,0.080,0.30,-7.190,-11.566,3,2
KRW-XRP,87,-0.300,-0.050,0.020,0.30,-2.995,-7.658,3,0
KRW-XRP,83,-0.300,-0.030,0.030,0.30,-2.995,-7.658,3,0
KRW-XRP,89,-0.300,-0.050,0.050,0.30,-2.995,-7.658,3,0
KRW-XRP,90,-0.300,-0.050,0.080,0.30,-2.995,-7.658,3,0
KRW-XRP,91,-0.300,-0.070,0.000,0.30,-2.995,-7.658,3,0
KRW-XRP,80,-0.250,-0.100,0.080,0.30,-7.232,-11.566,3,1
KRW-XRP,93,-0.300,-0.070,0.030,0.30,-2.995,-7.658,3,0
KRW-XRP,94,-0.300,-0.070,0.050,0.30,-2.995,-7.658,3,0
KRW-XRP,96,-0.300,-0.100,0.000,0.30,-2.995,-7.658,3,0
KRW-XRP,92,-0.300,-0.070,0.020,0.30,-2.995,-7.658,3,0
KRW-XRP,98,-0.300,-0.100,0.030,0.30,-2.995,-7.658,3,0
KRW-XRP,100,-0.300,-0.100,0.080,0.30,-2.995,-7.658,3,0
KRW-XRP,95,-0.300,-0.070,0.080,0.30,-2.995,-7.658,3,0
KRW-XRP,88,-0.300,-0.050,0.030,0.30,-2.995,-7.658,3,0
KRW-XRP,99,-0.300,-0.100,0.050,0.30,-2.995,-7.658,3,0
KRW-XRP,97,-0.300,-0.100,0.020,0.30,-2.995,-7.658,3,0
KRW-XRP,85,-0.300,-0.030,0.080,0.30,-2.995,-7.658,3,0
